CheckingAcctStat,Duration,CreditHistory,Purpose,CreditAmount,Savings,Employment,InstallmentRatePecnt,SexAndStatus,OtherDebtorsGuarantors,PresentResidenceTime,Property,Age,OtherInstalments,Housing,ExistingCreditsAtBank,Job,NumberDependents,Telephone,ForeignWorker,CreditStatus
A12,0.347118087,A32,A45,0.039152519,A61,A73,1,A93,A101,0.333333333,A122,0.136511971,A143,A152,0,A173,0,A191,A201,1
A12,0.341710187,A32,A45,0.154877497,A61,A73,1,A94,A101,0.333333333,A123,0.191592788,A143,A152,0,A173,0,A191,A201,1
A11,0.175014816,A31,A43,0.134978374,A61,A73,1,A91,A101,0.179146282,A123,0.717820829,A143,A153,0.247930911,A173,0,A191,A201,1
A11,0.173662841,A34,A43,0.121346961,A61,A73,1,A92,A101,0.093442824,A124,0.222093483,A143,A153,0,A173,0,A191,A201,1
A11,0.060279302,A32,A44,0.045760713,A62,A72,1,A92,A101,0.487520384,A122,0.068550579,A143,A152,0,A173,0,A191,A201,1
A11,0.061631277,A32,A44,0.016065154,A62,A71,1,A92,A101,0.697814275,A122,0.054780375,A143,A152,0,A173,0,A191,A201,1
